{
  "Member Details": {
    "College": "Vel Tech",
    "Date Of Join": "20 may 2000",
    "State": "AP",
    "Course": "ECE",
    "Current":"second year",
    "Country":"India"
  },
  "Physician Details": {
    "Attributed PCP": "JohnDoe",
    "Attributed PCP as of": "21may",
    "NPI": "18253864",
    "Last PCP Visited Date": "10march",
    "UpcomingDate":"12sep23",
    "Upcoming Visite Date":"15 sep 23"
  },
  "Utilization Details": {
    "ED Visits": 3,
    "preventable Edvisits": 2,
    "In-Patient Admits": 2,
    "PCP Visits": 3,
    "specialist Vists":2,
    " Avoidable In-Patient Admits":3
  },
  "Cost Details": {
    "Medical Spends": "15000",
    "Total Spends": "20000"
  }
}