[
    {
        "id":1,
        "name":"RED BULL",
        "image":"https://www.bigbasket.com/media/uploads/p/s/100393567_11-red-bull-energy-drink.jpg",
        "price":100,
        "quan":"1"
    },{
        "id":2,
        "name":"RED BULL",
        "image":"https://www.bigbasket.com/media/uploads/p/s/30005089_5-red-bull-energy-drink-sugar-free.jpg",
        "price":100,
        "quan":"1"
    },{
        "id":3,
        "name":"Instant Energy Drink ",
        "image":"https://www.bigbasket.com/media/uploads/p/s/295519_12-glucon-d-instant-energy-health-drink-nimbu-pani-refill.jpg",
        "price":100,
        "quan":"1"
    },{
        "id":4,
        "name":"RED BULL pack",
        "image":"https://www.bigbasket.com/media/uploads/p/s/13379_2-red-bull-energy-drink.jpg",
        "price":100,
        "quan":"1"
    },{
        "id":5,
        "name":"Gatorade",
        "image":"https://www.bigbasket.com/media/uploads/p/s/265745_10-gatorade-sports-drink-blue-bolt-flavour.jpg",
        "price":100,
        "quan":"1"
    },{
        "id":6,
        "name":"Monster",
        "image":"https://www.bigbasket.com/media/uploads/p/s/40130624_2-monster-energy-drink.jpg",
        "price":100,
        "quan":"1"
    },{
        "id":7,
        "name":"Gatorade",
        "image":"https://www.bigbasket.com/media/uploads/p/s/265739_9-gatorade-sports-drink-lemon-flavour.jpg",
        "price":100,
        "quan":"1"
    },{
        "id":8,
        "name":"sting",
        "image":"https://www.bigbasket.com/media/uploads/p/s/40113908_5-sting-energy-drink.jpg",
        "price":100,
        "quan":"1"
    },{
        "id":9,
        "name":"",
        "image":"",
        "price":100,
        "quan":"1"
    },{
        "id":1,
        "name":"Tzinga",
        "image":"https://www.bigbasket.com/media/uploads/p/s/40260990_5-tzinga-tzinga-classic-caffeinated-energy-drink-keeps-body-hydrated.jpg",
        "price":100,
        "quan":"1"
    },{
        "id":10,
        "name":"Monster",
        "image":"https://www.bigbasket.com/media/uploads/p/s/40182989_4-monster-ultra-energy-drink-zero-sugar.jpg",
        "price":100,
        "quan":"1"
    },{
        "id":11,
        "name":"Sting",
        "image":"https://www.bigbasket.com/media/uploads/p/s/40113907_5-sting-energy-drink.jpg",
        "price":100,
        "quan":"1"
    },{
        "id":12,
        "name":"Amrutanjan",
        "image":"https://www.bigbasket.com/media/uploads/p/s/40111051_2-amrutanjan-fruitnik-electro-ors-apple-drink.jpg",
        "price":100,
        "quan":"1"
    },{
        "id":13,
        "name":"RED BULL",
        "image":"https://www.bigbasket.com/media/uploads/p/s/40195765_3-red-bull-energy-drink-tropical-yellow-edition.jpg",
        "price":100,
        "quan":"1"
    },{
        "id":14,
        "name":"RED BULL",
        "image":"https://www.bigbasket.com/media/uploads/p/s/40270706_2-red-bull-the-green-edition-energy-drink-dragon-fruit-flavour-caffeinated-beverage.jpg",
        "price":100,
        "quan":"1"
    },{
        "id":15,
        "name":"Thums Up",
        "image":"https://www.bigbasket.com/media/uploads/p/s/40272433_1-thums-up-charged-soft-drink-berry-bolt-2x-caffeine.jpg",
        "price":100,
        "quan":"1"
    },{
        "id":16,
        "name":"FITLETIC FUEL BETTER",
        "image":"https://www.bigbasket.com/media/uploads/p/s/40248320_3-fitletic-fuel-better-isotonic-sports-drink-blue-rush-for-energy-recovery-endurance.jpg",
        "price":19,
        "quan":"1"
    },{
        "id":17,
        "name":"FITLETIC FUEL BETTER",
        "image":"https://www.bigbasket.com/media/uploads/p/s/40248320_3-fitletic-fuel-better-isotonic-sports-drink-blue-rush-for-energy-recovery-endurance.jpg",
        "price":100,
        "quan":"1"
    },{
        "id":18,
        "name":"TEAFIT",
        "image":"https://www.bigbasket.com/media/uploads/p/s/40208978_1-teafit-peach-ginger-green-tea-lean-unsweetened-brewed.jpg",
        "price":100,
        "quan":"1"
    },{
        "id":19,
        "name":"Glucose D",
        "image":"https://www.bigbasket.com/media/uploads/p/s/40109797_2-motis-glucose-d.jpg",
        "price":100,
        "quan":"1"
    },{
        "id":20,
        "name":"HELL ENERGY",
        "image":"https://www.bigbasket.com/media/uploads/p/s/40141855_3-hell-energy-drink-classic.jpg",
        "price":100,
        "quan":"1"
    },{
        "id":21,
        "name":"Thums Up Soft Drink",
        "image":"https://www.bigbasket.com/media/uploads/p/s/40222670_1-thums-up-soft-drink.jpg",
        "price":100,
        "quan":"1"
    },{
        "id":22,
        "name":"Paper Boat",
        "image":"https://www.bigbasket.com/media/uploads/p/s/40245066_5-paper-boat-sparkling-water-green-apple-flavoured-fruit-drink-0-added-sugar-zero-calories.jpg",
        "price":100,
        "quan":"1"
    },{
        "id":23,
        "name":"Blue Bird",
        "image":"https://www.bigbasket.com/media/uploads/p/s/40262963_1-blue-bird-iced-tea-peach-refreshing-flavourful-instant-drink.jpg",
        "price":100,
        "quan":"1"
    },{
        "id":24,
        "name":"Coca Cola",
        "image":"https://www.bigbasket.com/media/uploads/p/s/40222667_1-coca-cola-soft-drink.jpg",
        "price":100,
        "quan":"1"
    },{
        "id":25,
        "name":"Fanta",
        "image":"https://www.bigbasket.com/media/uploads/p/s/251019_8-fanta-soft-drink-orange-flavoured.jpg",
        "price":100,
        "quan":"1"
    },{
        "id":26,
        "name":"Paperboat Swing",
        "image":"https://www.bigbasket.com/media/uploads/p/s/40257288_5-paperboat-swing-swing-juicer-drink-mixed-fruit-medley-thick-flavourful-ready-to-serve.jpg",
        "price":100,
        "quan":"1"
    },{
        "id":27,
        "name":"Limca",
        "image":"https://www.bigbasket.com/media/uploads/p/s/251012_9-limca-soft-drink-lime-lemon-flavoured.jpg",
        "price":100,
        "quan":"1"
    },{
        "id":28,
        "name":"",
        "image":"",
        "price":100,
        "quan":"1"
    },{
        "id":29,
        "name":"Sprite",
        "image":"https://www.bigbasket.com/media/uploads/p/s/251006_11-sprite-soft-drink-lime-flavoured.jpg",
        "price":100,
        "quan":"1"
    },{
        "id":30,
        "name":"Paperboat Swing",
        "image":"https://www.bigbasket.com/media/uploads/p/s/40257286_5-paperboat-swing-swing-juicer-drink-zesty-pomegranate-thick-flavourful-ready-to-serve.jpg",
        "price":100,
        "quan":"1"
    },{
        "id":31,
        "name":"Paper Boat",
        "image":"https://www.bigbasket.com/media/uploads/p/s/40245065_5-paper-boat-sparkling-tea-lemon-ginger-flavoured-carbonated-drink-0-added-sugar-zero-calories.jpg",
        "price":100,
        "quan":"1"
    },{
        "id":32,
        "name":"Bacardi MIX'R",
        "image":"https://www.bigbasket.com/media/uploads/p/s/40272432_1-bacardi-mixr-non-alcoholic-premium-mixer-long-island-tea-refreshing-flavour-taste.jpg",
        "price":100,
        "quan":"1"
    },{
        "id":33,
        "name":"Coca Cola",
        "image":"https://www.bigbasket.com/media/uploads/p/s/100401160_11-coca-cola-soft-drink-original-taste.jpg",
        "price":100,
        "quan":"1"
    },{
        "id":34,
        "name":"Thums Up pack",
        "image":"https://www.bigbasket.com/media/uploads/p/s/40204558_2-thums-up-soft-drink.jpg",
        "price":100,
        "quan":"1"
    },{
        "id":35,
        "name":"FantaSoft Drink - Orange Flavour",
        "image":"https://www.bigbasket.com/media/uploads/p/s/40222668_1-fanta-soft-drink-orange-flavoured.jpg",
        "price":100,
        "quan":"1"
    },{
        "id":36,
        "name":"Glucon-D",
        "image":"https://www.bigbasket.com/media/uploads/p/s/263373_12-glucon-d-instant-energy-health-drink-tangy-orange-refill.jpg",
        "price":100,
        "quan":"1"
    },{
        "id":37,
        "name":"Blue Bird",
        "image":"https://www.bigbasket.com/media/uploads/p/s/40262962_1-blue-bird-iced-tea-lemon-refreshing-flavourful-instant-drink.jpg",
        "price":100,
        "quan":"1"
    },{
        "id":38,
        "name":"Thums Up",
        "image":"https://www.bigbasket.com/media/uploads/p/s/251014_12-thums-up-soft-drink.jpg",
        "price":100,
        "quan":"1"
    },{
        "id":39,
        "name":"Paper Boat",
        "image":"https://www.bigbasket.com/media/uploads/p/s/40233852_5-paper-boat-peach-drink-no-added-sugar-low-calories.jpg",
        "price":100,
        "quan":"1"
    }
]