[
    {
        "id":1,
        "name":"Masala Noodles",
        "image":"https://www.bigbasket.com/media/uploads/p/s/40195263_6-sunfeast-yippee-noodles-magic-masala.jpg",
        "price":50,
        "quan":"1"
    },{
        "id":2,
        "name":"Penne Pasta",
        "image":"https://www.bigbasket.com/media/uploads/p/s/40188537_5-keya-penne-pasta.jpg",
        "price":70,
        "quan":"1"
    },{
        "id":3,
        "name":"Noodles",
        "image":"https://www.bigbasket.com/media/uploads/p/s/263515_3-top-ramen-noodles-curry-veg.jpg",
        "price":80,
        "quan":"1"
    },{
        "id":4,
        "name":"Power Up Atta Noodles ",
        "image":"https://www.bigbasket.com/media/uploads/p/s/40088405_7-sunfeast-yippee-power-up-atta-noodles.jpg",
        "price":20,
        "quan":"1"
    },{
        "id":5,
        "name":"Durum Wheat Pasta ",
        "image":"https://www.bigbasket.com/media/uploads/p/s/40112467_9-happychef-durum-wheat-pasta-spaghetti.jpg",
        "price":50,
        "quan":"1"
    },{
        "id":6,
        "name":"Pasta - Spaghetti",
        "image":"https://www.bigbasket.com/media/uploads/p/s/30006849_2-blue-bird-pasta-spaghetti.jpg",
        "price":10,
        "quan":"1"
    },{
        "id":7,
        "name":"Hakka Noodles",
        "image":"https://www.bigbasket.com/media/uploads/p/s/20004322_5-wai-wai-oriental-hakka-noodles-veg.jpg",
        "price":50,
        "quan":"1"
    },{
        "id":8,
        "name":"Mushroom Soup ",
        "image":"https://www.bigbasket.com/media/uploads/p/s/40081763_4-keya-creamy-mushroom-soup-with-100-real-mushrooms.jpg",
        "price":40,
        "quan":"1"
    },{
        "id":9,
        "name":"100% Durum Wheat Pasta - Macaroni",
        "image":"https://www.bigbasket.com/media/uploads/p/s/40112466_8-happychef-durum-wheat-pasta-macaroni.jpg",
        "price":10,
        "quan":"1"
    },{
        "id":10,
        "name":"Tomato Veggie Soup",
        "image":"https://www.bigbasket.com/media/uploads/p/s/40112466_8-happychef-durum-wheat-pasta-macaroni.jpg",
        "price":10,
        "quan":"1"
    },{
        "id":11,
        "name":"Nissin Geki",
        "image":"https://www.bigbasket.com/media/uploads/p/s/40224575_1-nissin-nissin-geki-hot-spicy-korean-veg-flavour.jpg",
        "price":10,
        "quan":"1"
    },{
        "id":12,
        "name":"Shell Pasta",
        "image":"https://www.bigbasket.com/media/uploads/p/s/40188540_5-keya-shell-pasta.jpg",
        "price":40,
        "quan":"1"
    },{
        "id":13,
        "name":"1Durum Wheat Pasta",
        "image":"https://www.bigbasket.com/media/uploads/p/s/40112464_8-happychef-durum-wheat-pasta-penne-rigate.jpg",
        "price":20,
        "quan":"1"
    },{
        "id":14,
        "name":"YiPPee!",
        "image":"https://www.bigbasket.com/media/uploads/p/s/1202661_8-sunfeast-yippee-tricolor-pasta-creamy-corn.jpg",
        "price":19,
        "quan":"1"
    },{
        "id":15,
        "name":"Pasta",
        "image":"https://www.bigbasket.com/media/uploads/p/s/30006848_3-blue-bird-pasta-elbow-macaroni.jpg",
        "price":10,
        "quan":"1"
    },{
        "id":16,
        "name":"Oriental ",
        "image":"https://www.bigbasket.com/media/uploads/p/s/70000729_4-wai-wai-oriental-hakka-noodles-egg.jpg",
        "price":40,
        "quan":"1"
    },{
        "id":17,
        "name":"Creamy Soup",
        "image":"https://www.bigbasket.com/media/uploads/p/s/40081767_7-keya-creamy-chicken-soup-with-100-real-chicken.jpg",
        "price":70,
        "quan":"1"
    },{
        "id":18,
        "name":"Hot N Sour ",
        "image":"https://www.bigbasket.com/media/uploads/p/s/40269214_1-rasna-hot-n-sour-veggie-overload-quickie-soup-multigrain-no-maida-single-pack.jpg",
        "price":10,
        "quan":"1"
    },{
        "id":19,
        "name":"Quinoa Pasta",
        "image":"https://www.bigbasket.com/media/uploads/p/s/40129126_9-happychef-pasta-quinoa.jpg",
        "price":40,
        "quan":"1"
    },{
        "id":20,
        "name":"Elbow Pasta",
        "image":"https://www.bigbasket.com/media/uploads/p/s/40188538_5-keya-elbow-pasta.jpg",
        "price":20,
        "quan":"1"
    },{
        "id":21,
        "name":"YiPPee! Tricolor Pasta - Soft ",
        "image":"https://www.bigbasket.com/media/uploads/p/s/1202660_8-sunfeast-sunfeast-yippee-tricolor-pasta-masala-2x65-g.jpg",
        "price":19,
        "quan":"1"
    },{
        "id":22,
        "name":"Pasta - Spaghetti",
        "image":"https://www.bigbasket.com/media/uploads/p/s/30006849_2-blue-bird-pasta-spaghetti.jpg",
        "price":10,
        "quan":"1"
    },{
        "id":23,
        "name":"Ragi Vermicelli",
        "image":"https://www.bigbasket.com/media/uploads/p/s/40001253_7-manna-ragi-vermicelli-finger-millet-semiya.jpg",
        "price":10,
        "quan":"1"
    },{
        "id":24,
        "name":"Multi-Millet",
        "image":"https://www.bigbasket.com/media/uploads/p/s/40129125_10-happychef-pasta-multi-millet.jpg",
        "price":50,
        "quan":"1"
    },{
        "id":25,
        "name":"Sweet N Sour",
        "image":"https://www.bigbasket.com/media/uploads/p/s/40269217_1-rasna-sweet-n-sour-veggie-overload-quickie-soup-multigrain-no-maida-single-pack.jpg",
        "price":20,
        "quan":"1"
    },{
        "id":26,
        "name":"100% Durum",
        "image":"https://www.bigbasket.com/media/uploads/p/s/40112465_9-happychef-durum-wheat-pasta-fusilli.jpg",
        "price":19,
        "quan":"1"
    },{
        "id":27,
        "name":"2-Min Masala Noodles",
        "image":"https://www.bigbasket.com/media/uploads/p/s/40125873_5-maggi-2-minute-noodles-masala.jpg",
        "price":90,
        "quan":"1"
    },{
        "id":28,
        "name":"YiPPee!",
        "image":"https://www.bigbasket.com/media/uploads/p/s/1202657_6-sunfeast-yippee-mood-masala-noodles-family-pack.jpg",
        "price":10,
        "quan":"1"
    },{
        "id":29,
        "name":"Noodles - Masala",
        "image":"https://www.bigbasket.com/media/uploads/p/s/263524_4-top-ramen-noodles-masala.jpg",
        "price":20,
        "quan":"1"
    },{
        "id":30,
        "name":"Durum  Pasta",
        "image":"https://www.bigbasket.com/media/uploads/p/s/40112471_8-happychef-pasta-fusilli-whole-wheat.jpg",
        "price":40,
        "quan":"1"
    },{
        "id":31,
        "name":"Fusilli Pasta",
        "image":"https://www.bigbasket.com/media/uploads/p/s/40188539_4-keya-fusilli-pasta.jpg",
        "price":40,
        "quan":"1"
    },{
        "id":32,
        "name":"Pasta Penne",
        "image":"https://www.bigbasket.com/media/uploads/p/s/40008385_4-weikfield-pasta-penne.jpg",
        "price":10,
        "quan":"1"
    },{
        "id":33,
        "name":"5 Min Yum Pasta",
        "image":"https://www.bigbasket.com/media/uploads/p/s/40229834_1-sundrop-5-min-yum-pasta-with-red-sauce.jpg",
        "price":20,
        "quan":"1"
    },{
        "id":34,
        "name":"Pasta - Spaghetti",
        "image":"https://www.bigbasket.com/media/uploads/p/s/30006849_2-blue-bird-pasta-spaghetti.jpg",
        "price":10,
        "quan":"1"
    },{
        "id":35,
        "name":"Ragi Vermicelli",
        "image":"https://www.bigbasket.com/media/uploads/p/s/40001253_7-manna-ragi-vermicelli-finger-millet-semiya.jpg",
        "price":10,
        "quan":"1"
    },{
        "id":36,
        "name":"Sweet N Sour",
        "image":"https://www.bigbasket.com/media/uploads/p/s/40269217_1-rasna-sweet-n-sour-veggie-overload-quickie-soup-multigrain-no-maida-single-pack.jpg",
        "price":20,
        "quan":"1"
    },{
        "id":38,
        "name":"Lasagne Made",
        "image":"https://www.bigbasket.com/media/uploads/p/s/40262849_1-san-vito-lasagne-specialita-made-from-durum-wheat-semolina.jpg",
        "price":80,
        "quan":"1"
    },{
        "id":39,
        "name":"Rice Sevai",
        "image":"https://www.bigbasket.com/media/uploads/p/s/286621_3-manna-rice-sevai.jpg",
        "price":79,
        "quan":"1"
    },{
        "id":40,
        "name":"Durum Wheat Pasta",
        "image":"https://www.bigbasket.com/media/uploads/p/s/40112472_6-happychef-durum-wheat-pasta-farfalle.jpg",
        "price":39,
        "quan":"1"
    }
]